id,cid,card_num,card_type
63d80f58-5211-4b26-9d4c-994d144e27dc,1,4041599357381,visa
b75e7536-dfd1-4832-b111-2001a8c8f7d4,2,5108754260269594,mastercard
fb9f6941-df44-4260-b55e-1bd7a3f5c9ec,3,337941911978350,americanexpress
4d69b795-8889-4118-9796-d968ed2d12ab,4,4681055831997,visa
7dc2426f-816d-4d63-99c7-17126d1de643,5,374283620373787,americanexpress
425088bd-390b-4de2-ac3d-1d323cf26150,6,375617672031539,americanexpress
7919fe63-24af-416f-93f5-b2a77382b36d,7,370988759465956,americanexpress
b5f3e96c-ca1c-4542-a7fb-5c8e37b9dd73,8,5139635932200864,mastercard
00270d29-9dc4-481b-8d16-b5246c02bfee,9,4041599416732,visa
653ba28a-f832-4927-93eb-80df0d1bd451,10,5591750994172900,mastercard
5061b24e-36f2-4b21-be43-789dca7877f2,11,4017956510556,visa
d27df2b3-7d97-4f20-8dd3-52e4302435c3,12,374622210233192,americanexpress
63f5e19b-bfcd-45cc-8e08-7c33c7a85c8e,13,374283883591885,americanexpress
6542f1c9-1cde-429f-bc20-a272acbc36e1,14,372301573661941,americanexpress
724c1eeb-470b-4f61-9e9e-ba916d0910e2,15,375229138546496,americanexpress
03082cb9-f184-4745-85fd-d933ddecc2eb,16,374283516833811,americanexpress
ff3707da-a55a-4532-b8e3-2794b55b6f4c,17,5327775814519676,mastercard
881ad8c5-36b6-429d-bb32-4309798e3cc8,18,5100170835749366,mastercard
1aa10873-360d-4b5e-a0f2-07db85759868,19,5169901448800438,mastercard
bac09abe-b375-4ad2-9260-b190fb779726,20,5007661535900584,mastercard
7aa8b75d-4bf3-40ea-9281-9fe8d4fbbec7,21,5048376634411679,mastercard
e3c96a32-c24e-4a66-8353-de12e988e631,22,4041376711818,visa
b65ebccd-498a-4733-a185-9bc3e65d606b,23,5007666730750700,mastercard
e55996e6-2db3-4a78-8ab1-57013b2341c6,24,337941483105192,americanexpress
74ab6916-e8d1-4c12-8e07-c5b02c6543ed,25,4041596847299708,visa
c4062177-2919-4b32-8ebb-d98a7b002495,26,374283852497197,americanexpress
168034ab-b91f-4a63-83be-860e5166b19f,27,4041598900791290,visa
ff70581f-132d-4a70-a7f5-a1728a4f1cbe,28,374288935874924,americanexpress
ea5c04e9-76c5-4465-b667-68a8dcf6396f,29,5353512335151284,mastercard
bdcd3382-10ad-4d61-bfb2-8bb5e8e32834,30,5125057526296586,mastercard
ac57b5ad-602d-4bf8-8b17-b7490b9b1069,31,337941943189588,americanexpress
7ed10d17-a735-4eda-afd2-334e613d66e0,32,374283337954747,americanexpress
e4b35cfb-73cf-487d-a94f-225c3c7d8211,33,4815420206184,visa
26aabe1a-00aa-4ec7-aeed-b89bc335dd55,34,349133084132215,americanexpress
90dca19a-30af-4e70-9386-3df6a6f51130,35,5108754118891961,mastercard
94b88d24-f5b5-4082-9dba-900faf3aeb3f,36,337941994153228,americanexpress
7a360bfa-dfd5-47f1-b042-0a15e2a5cfc6,37,5505417729205042,mastercard
43f1fc3a-0dc1-4bcc-a82e-11cadf4f2105,38,374288060772034,americanexpress
02639516-aee0-431f-a309-1a7d1532dce7,39,5007662969763043,mastercard
9c2244bc-bbc5-455e-bd8f-e32b87e6a7b7,40,5002354453717322,mastercard
ef714586-2e4e-4106-98f3-98db4fe76c46,41,4041371852575,visa
2dc9cfb2-48d2-424c-ac96-1f5d4efa1e3f,42,5010128679407904,mastercard
82969fb6-1ce7-41b0-87d3-ba5f71b46969,43,4041597958966,visa
d3463e18-9f9f-4461-b10d-6b96cee8e7cf,44,5010120328616514,mastercard
d744c66c-d8e7-4df5-a980-0ccd5c2b106d,45,4041370624140323,visa
c383b69b-0458-4c72-af77-38560037b558,46,5007666973734643,mastercard
eedda9a3-9a4e-41f0-b80b-dbd00fd088fc,47,5108756096775090,mastercard
f79846d4-08ad-4aec-adc1-c1e2ac5380ed,48,5100179640063343,mastercard
06d7994f-d58d-4441-b9e0-f059c42e2f9f,49,5007667125101889,mastercard
ca73607b-a090-412c-afda-e13e6fa8c2a4,50,5048374873462602,mastercard
4bf49ee3-291b-4da9-ad4c-240fdc2fd48a,51,5264400923818035,mastercard
d8ebd377-fdd0-4bc2-95d6-a6fed79bff9e,52,372301744789738,americanexpress
a20e517b-891b-444e-aac8-0b066c6b181c,53,374288486108003,americanexpress
77fd85c7-cfd5-4aad-8660-677ee2dea78f,54,378283394824524,americanexpress
c9a58ce5-9480-4d29-a272-040809d33a0a,55,5007663903897236,mastercard
4ac89938-7ea2-4ac1-a5a1-cb3769a350f9,56,5100179376426748,mastercard
e583fb0b-ed6c-48e8-b5d2-97ca6e5b54e5,57,5048378119642828,mastercard
05eca53d-500d-4649-a354-bb8fb490c1cf,58,337941656406872,americanexpress
420d57f8-0727-4b12-beb8-df9ece3666d2,59,5249355163634171,mastercard
bc3953a3-3acf-45dd-aa9f-59a264fbd5e6,60,4017956147011,visa
233ed717-b24d-4b18-bf9f-50c437d3ccf1,61,374288620057157,americanexpress
29d62786-d791-4a3c-aa59-aa7ddeb07cbb,62,337941000277680,americanexpress
94bd77f8-b756-4165-868e-d0ff7d5a7136,63,4041597382357133,visa
578515d5-a873-4f89-a5c1-48d31347e32f,64,374288286845481,americanexpress
1c9a0b50-f06d-4b9f-81d7-893063d14e4a,65,340102398664170,americanexpress
a9f3c87c-a6f3-4396-b8d6-9bf2e09e504e,66,4017959783390,visa
c4e61789-74ab-4b56-872d-b00d0dec15e7,67,4505080392453,visa
d46a420a-3fa8-48fe-981c-cbd2d6465dab,68,379949077807817,americanexpress
f4935c4f-c020-4d79-90de-df0f4e6b5ab6,69,4041595351461,visa
683b5184-38db-405f-a117-37ae39fbf577,70,4041593776137801,visa
a81b1ac9-896c-460d-b992-144554e90968,71,343813305771406,americanexpress
91ca827f-d803-475e-8a8d-38ca36e0ff3e,72,4041599703378,visa
0034b0dd-5369-48c2-b8c7-03c60d9780e1,73,4416118625967948,visa
e71cf042-8533-4808-8e4e-505c869c7b2f,74,4041371136867718,visa
74158a45-cf2f-4c31-a212-2caf5b2fb4ac,75,374288091482348,americanexpress
3c4c643a-4f1c-4932-b572-8cc5651b87ce,76,5155751377002167,mastercard
33e15f09-a274-4345-9933-83f436491821,77,4041590421972996,visa
a7111573-cf60-414f-85f5-80c1330936d2,78,5007668078091226,mastercard
d3f678b2-b75d-4b3e-82b9-7391e6eca3b4,79,5576926679328301,mastercard
37becf5f-d196-466d-b40e-3cb0402c4c42,80,343194097233396,americanexpress
a92f94cd-99a0-4a64-89bb-248958cdc37f,81,374288304540650,americanexpress
6b04be78-8091-4fee-9889-600fd160da26,82,346049328419692,americanexpress
a9e17db6-6d84-4f6a-9cae-1343952aa410,83,337941249593178,americanexpress
505dfd7e-4320-4c86-884d-6be2efc73687,84,5100131246482989,mastercard
6b3607cd-0050-4090-aab8-d2fe0f43114f,85,4041599971892,visa
1f208577-cf31-4c75-a195-d4ccc12f8aea,86,4041375930469381,visa
45586323-5f53-4e91-8a4e-021f418ca38b,87,5100143440567721,mastercard
5d060676-7dc1-487b-beb0-10a2d2f02f19,88,4041379305029572,visa
2b68c462-f0d0-4885-96e1-673ef183bd2a,89,5002357962596616,mastercard
3bb5d869-2bc6-4910-b6f8-d1e842ca5667,90,374622090561803,americanexpress
b20d12e5-48e4-4215-8a0b-9d273b29d1d6,91,5326312533529322,mastercard
46ccfd59-3b14-4a09-b07b-da71365d318a,92,4017950783738,visa
e632bb07-f7cd-4fa4-ad5c-953e20d21495,93,4017958273542,visa
c6bf88dc-01d7-4577-9fab-a013623138e3,94,374622501758360,americanexpress
40bef6e5-865e-443a-a3c2-d067a05662b7,95,4017953791159,visa
5cabee31-95f4-43f6-8c16-7c6c712cce8e,96,337941641746036,americanexpress
2c92a58e-11ee-4e0d-b9e1-54d3ec902906,97,5563001207511193,mastercard
50e60a50-fa1f-4a9c-ad54-993446ad0767,98,5002351013536275,mastercard
ee98ebfb-7bfd-47e2-be58-8e06cc7096a1,99,4041592173886168,visa
d2ada124-8865-4a41-9106-eba08883ca32,100,374288028923299,americanexpress
acdaf66f-c454-440a-995e-fc2f44d03a7b,101,337941650871691,americanexpress
13b06dea-8724-45c7-ac73-93a287b1b024,102,4041372458158,visa
32b1d8a0-6265-4f70-b9d0-312210857ad9,103,5007662575745574,mastercard
39825b21-ae2b-4bf9-bc3b-15cacd058c13,104,374622683985559,americanexpress
935d3226-3d88-4bb0-9f1a-8231ad71093a,105,4041375768652,visa
05ac00b3-33e8-4432-8e8c-96023a7afec1,106,5453978708998222,mastercard
939e4458-7e79-43f4-b440-a2913812bcca,107,4316266007133,visa
08edb3e3-9f8a-4329-bf03-4ed49b16e2ed,108,4017952232791,visa
1db73b07-a7ba-43f6-9a04-a221562169d8,109,337941687476894,americanexpress
24645183-2901-473c-a67f-3590ef6771ed,110,5399970510820733,mastercard
74696aa5-e958-4af5-b159-32f91753271e,111,5010126349914200,mastercard
bdc50c57-1be2-451f-9b57-e21f9d44ca2d,112,4041371590332,visa
dacea206-482a-44da-bddc-a027f8d18d63,113,5201142209885066,mastercard
2673c8fb-48db-45be-88a7-e4dd6131f153,114,4041374719516,visa
9c3e32bb-1970-41f4-a41c-568ceae2ba48,115,4041591893300,visa
7380299f-fa0d-4076-9455-e088fcb35173,116,4017957575509,visa
17692afc-5467-49b5-9549-8add473bd208,117,5108757412754850,mastercard
6b7f4518-becc-4bee-82c8-c290b77e51eb,118,5167050330560395,mastercard
80e2f9f8-04a4-4abd-b154-0b7a655073bd,119,5010125381041807,mastercard
906d83f9-8c5a-4d25-8163-8c58a2f0c8be,120,5002353229471545,mastercard
30812ca8-8df2-4156-b99b-a01966c9b328,121,374288664361879,americanexpress
f1c571a0-c7d4-4b1c-92be-9e1c6a373749,122,372301734530662,americanexpress
5ce056fa-ecc7-4e05-af05-0fa42df36af5,123,4814899092837,visa
9f5cec12-8843-4ea2-9d47-d21ba511fd08,124,5561336470488949,mastercard
7451560d-b831-4092-a4e8-2b308079f219,125,5309711107575135,mastercard
dedb2077-852b-419e-9ef4-9f2c84a88bd4,126,370016505948040,americanexpress
a301b16c-1ae0-4123-814f-2f50a5d8d2f4,127,373775617924630,americanexpress
1412eb70-4613-41ee-8427-8c34480fe364,128,4017957022207439,visa
495fd9dc-bbb8-4f9b-834c-645c1c339d13,129,4041378426682871,visa
9233ddde-28c8-4432-97ea-c4769d0faba8,130,5002357642005871,mastercard
349ab76f-ba73-42f9-99ab-7dc3f5d8deba,131,4563642538517327,visa
79d586c6-f926-40d4-b448-2f13f6fdc2a9,132,5430013171921135,mastercard
f208cdf4-64fc-4b1f-8539-1bae62600ce9,133,372301672258037,americanexpress
3dae2ac4-d02c-4106-8996-00bef694dfd9,134,340427471972756,americanexpress
307ea308-33fa-4858-b751-988752f8ef43,135,4969984583569,visa
fca0ee8e-423a-4379-93f1-3f24e70236e5,136,340318872650838,americanexpress
c9769387-1643-4d50-b73a-33545bdcf0c6,137,379427194485122,americanexpress
bf899886-1b37-48d2-afe5-30834a4f062c,138,374622373667996,americanexpress
b6850ba3-1fb1-4795-adb8-7c6e08814091,139,374288144568796,americanexpress
eb90218e-ecb7-483b-880c-910585068abe,140,5007662600717440,mastercard
d81078f0-5c0d-40cb-84e9-356225fa6ae6,141,372301366798538,americanexpress
3f7a4161-d00d-4b25-b647-193a2c84e02d,142,4017950827424143,visa
1ccfe5d4-0053-4765-8d54-c433222635cb,143,4041377083415,visa
58744555-4e43-4cdf-907d-6a5126620576,144,372301627814330,americanexpress
b8f9089a-0d51-4605-b3c5-9511dd362420,145,4017953079918440,visa
7c26d59d-9561-40cd-8cee-de707852305d,146,5048377596715123,mastercard
a53ebacb-1db9-4388-92bc-fbb80edc1df9,147,4253750504541,visa
86581a42-bef3-4dfe-89a0-00c2b92fb77f,148,374288373297208,americanexpress
e6c7222b-e0ec-4a7f-a21a-8a2a7ef5a6bb,149,337941715329263,americanexpress
9393777e-3956-4b86-a12c-518e43cd1482,150,379846989762215,americanexpress
0314c653-5b2e-4498-bd10-fdd5ba3bc3d7,151,376930741240596,americanexpress
e06631e5-20b1-4ec1-94e3-2730822e3ca5,152,371937615508474,americanexpress
fc03df7a-cc7e-450b-8340-0fcfcd9f17b2,153,5100133023819680,mastercard
ac8b1e21-acaa-4471-8aac-e7783928e8a7,154,4017958750084867,visa
2f2a9302-61cb-407a-98c4-a204c82ffcae,155,374288173658062,americanexpress
3c7d2a02-89c8-42f3-8173-8f6be39fd7c9,156,374288739842713,americanexpress
ab231ac2-1ed7-464c-9a0e-22b2d9b53606,157,374622630170990,americanexpress
8b6cdf74-36c4-4002-874a-073d28bd0ae1,158,5419943750909686,mastercard
d4638433-7ee8-4b02-89c6-db7bd132ffed,159,374622152454129,americanexpress
556ad08a-d4dd-49e4-b30f-b81bc94975f3,160,374622201683819,americanexpress
1a249f50-6572-499a-bbfc-890ebaa5b67e,161,4017953108149,visa
b5587d77-dbd9-48c8-8031-4fb5acdd233f,162,4049154832581,visa
90787488-95e3-4d5b-9306-23ff0ec501bb,163,374622761410884,americanexpress
0ae20832-6dd8-4247-90d0-c039585671f8,164,4041593465925607,visa
36e92a52-afe8-4698-a7a3-62dc6822050e,165,337941372444264,americanexpress
8fda2647-29bd-45ca-a37d-3d8fc07c7567,166,340407784006195,americanexpress
11368940-13dc-4e90-9e57-c063675d4db5,167,5007660105409315,mastercard
55381cd4-efce-4d6e-b8e9-442cbeb0e5c5,168,375940446781357,americanexpress
60cb90c4-4bd5-45ca-9605-5bee78ead007,169,4041372181917,visa
b5971629-224b-4262-927e-7233e0e40e54,170,374288254775389,americanexpress
74d6d3a1-c455-43a8-bfe5-50a42cc4fca6,171,4253630977237973,visa
b6964d66-fc5a-44b0-b90d-95b5c86ae9d7,172,379309850777333,americanexpress
cf352ad9-a5ad-4601-acac-66b68c5b7b46,173,5108755055165376,mastercard
276aa8f4-f169-47d8-a35f-82c7e35c33ba,174,5100142808345803,mastercard
72f4ed2f-3c2f-4c0f-80ca-093da1ef9e6d,175,5010126430099259,mastercard
0fb84a27-121d-438a-88f6-75a6fd245745,176,4041376698813067,visa
bf9d3737-cac5-423e-b386-017cf0a93d8f,177,337941674795512,americanexpress
1d0bb657-21ea-439b-b00d-c8cb16bc861d,178,5285480102400271,mastercard
949ab927-9dd1-49a4-9eca-e2be6f4936f5,179,5100173281728975,mastercard
90bf10df-0dc7-4ee1-b2b3-ec42dcffab61,180,370332095640198,americanexpress
60e36478-db28-49b6-aca6-4f0891f8ebfc,181,5100144682383710,mastercard
e320154c-a254-4bc0-8002-c1f7216234a9,182,5010128394615369,mastercard
e4c3fc03-4fe3-4480-89d8-4f819e2ae3d1,183,4041376791489,visa
8e6c02af-016e-47a3-8216-29ed6508beb9,184,5468169358557996,mastercard
601f5110-4dc8-4a70-ad27-0470829240bf,185,4041374840286548,visa
29b9a3f9-de40-41b8-95e5-4aba85a4b152,186,5108759018511569,mastercard
c0fbd748-8081-48ba-8812-1a5d9dcf91ec,187,5100143983366309,mastercard
ed889f47-b255-4f5b-a24e-dc0bc6507eae,188,374622576785199,americanexpress
e562319c-503b-411f-8f12-f879bb6d54e5,189,5144047957869693,mastercard
ae512ae2-01ef-4f5b-9b5e-eaba0dd1b528,190,4041379000004920,visa
f7e8615a-497d-4a4b-bcaf-2003a400f93a,191,373657317515209,americanexpress
3796fed6-e28e-49ac-858b-4d51a14e1efe,192,5100174643236939,mastercard
9f913519-965a-4d7b-b4f0-62fa89b94dff,193,5002354288591710,mastercard
9ef881d6-3224-42b6-ac3b-1799003697d2,194,5360334511997914,mastercard
d3ccdba5-80b8-4bcd-a22b-ab489508b343,195,337941520590513,americanexpress
7fdd0348-aa04-4dcf-ab0a-946537751922,196,4017953594023288,visa
b1ca4a3e-964d-4352-8cf6-ec91f1fd1911,197,5108752054950627,mastercard
415c473c-d5cc-486b-b6a0-cb1045596301,198,373448618719074,americanexpress
f60d39a9-586a-4a81-b1a6-2ace6c4e4d06,199,5314930817753393,mastercard
7268628b-80d8-41a9-8e76-66311e012f9a,200,372301787000993,americanexpress
7b360bd2-aeaa-4a8f-8e07-024fd171a2c4,201,4876803472132,visa
e0d63937-2423-4433-9387-8dbf89232c4d,202,370246894803197,americanexpress
04211825-78fd-40a4-9fe1-f1843a4622fc,203,5108755157338426,mastercard
d9d291a2-8786-454b-9b76-2df2b1ae607e,204,376527962894893,americanexpress
a00b3c1c-6b42-46d3-9fe0-122be2ada082,205,4017955568029985,visa
7eeb6763-4650-4775-8217-e43c20d950de,206,4527534715131599,visa
34986056-a988-4b66-a34b-0d1794ade597,207,4717839162927,visa
e3ab5def-1a1c-4df2-9fae-d93d4f5077ce,208,372301637977663,americanexpress
cbf1d6e3-4530-4ada-b390-ce8d8339be2c,209,4017953710308,visa
742fa31d-9060-4da2-95cf-df6cfb46518b,210,4017951456323952,visa
db6743b7-15bd-47dc-9d20-15754cba16f8,211,4041376813960,visa
16173fc1-acde-4903-bda2-6517c59ca50d,212,5010124279894393,mastercard
b35200fa-a522-4563-bee7-d3d380a09275,213,4041373246289,visa
d124486b-0744-4d7b-b28a-ba25468ecd3c,214,4017950647113173,visa
3dc61138-c066-4bed-b110-0ddf47aae360,215,4017958254690,visa
442e9104-1cd4-4f78-9321-73dab326c7dd,216,348465927371506,americanexpress
faf6612c-eb04-400d-a21c-2ff7e22d059b,217,4017954277984291,visa
5d8f6af1-263b-4337-9fd4-0653ac8edd27,218,4041598565313778,visa
991628f7-2101-4883-861c-0b971bc00ba3,219,5366175090501450,mastercard
cac98786-85d4-4322-b4dc-2ac8d6fedfd4,220,4017953598526823,visa
a4f8fd84-7dff-4b9e-be59-fd62a3520184,221,5253202318102857,mastercard
749f070d-a2dd-47c4-8086-9982ee57fac7,222,4715638702083,visa
567fcde0-fe76-41da-993f-199aba78e3cb,223,374622233019487,americanexpress
571b51f4-6914-49d6-ae1b-15ddfd9bb988,224,5100143533564809,mastercard
6d32dbea-55e9-491b-bc71-c991764f8ab8,225,4017951164060,visa
66e63968-b9f4-4679-ac1d-2cdb41bfffe9,226,5010120840993714,mastercard
4fb223d1-ccb7-43e0-9de7-074e396c0aff,227,5048376016114040,mastercard
095c318e-24fe-4b5b-b720-322a2c747eb6,228,5048373877833586,mastercard
9ea294b0-82ad-4853-bdae-7558a03fb5b3,229,374283214046583,americanexpress
68ebd261-4f43-4782-acbb-c70ab7f78efb,230,4170017410245088,visa
dfb7786c-8d79-4fe9-906a-fd2c41d7f7ff,231,374544267186877,americanexpress
4bc28ccf-be5d-4307-afac-cac34afebfae,232,5108754876341118,mastercard
250171c3-0c72-4ada-8046-8f1d9fe40f7c,233,348429433444520,americanexpress
24feb7ec-ecc7-4ba3-9ae6-cd16e89eec96,234,5485444170254984,mastercard
c8f44b83-f334-409b-a120-92b6b409c41b,235,4041378691014362,visa
36d3a58f-7673-489e-b50f-f959d622b2c8,236,4041598724061292,visa
55ab25d8-3032-44be-9046-91ee3ac94ebd,237,374283033036468,americanexpress
2cd07ce8-7cb7-4917-9c74-eab81f0a12bd,238,5002352136742774,mastercard
f0c45c9c-ea56-4b28-89f6-7e7390b3013f,239,4277412806389834,visa
c8b2b182-02de-47f0-b54a-51944d70e617,240,374911304823814,americanexpress
ab9d3c14-72bb-46c0-b4a7-5fae90f95380,241,374622284895033,americanexpress
84ccf5eb-0ca8-4c2e-add8-e11a8a531e0a,242,4041592200606951,visa
a0351702-9395-43e7-810d-e5b28d1bbb9f,243,4017959426906723,visa
5eea1a36-b400-4847-b6ce-f74eff73edd2,244,4017953463015,visa
02eccd7d-df99-4e3a-bd63-f0358fb9d0bf,245,348418591195735,americanexpress
1669d911-1c3a-418d-90aa-a95f190ab121,246,374622929631983,americanexpress
f426aa5e-fe8b-4997-8bb5-eb555f6dd3fc,247,337941217421337,americanexpress
f5308666-f8f0-4690-b45c-67f1791c2fa0,248,4720627390551,visa
8f11b67b-bc31-43a4-a0ee-7afc16368004,249,374288269795695,americanexpress
f577d457-66fb-40e2-8bf1-1e234e1548d7,250,5010124077559974,mastercard
2f6e8a28-b2da-461a-b433-009c3c1aab20,251,374288518178396,americanexpress
ea58d399-7e27-4d73-9350-a5b86d3d898c,252,5007660876131627,mastercard
b02c1a10-6c00-408f-b0f0-e1c919d42660,253,4017951034440278,visa
20d24bae-caab-4eeb-98a3-a263134f2f53,254,5100139599368788,mastercard
0150e292-6bca-4d97-8992-ff54f8503442,255,4041372289358760,visa
aaeb1313-0976-4da1-b6f9-488afe261d91,256,4041370959063413,visa
8513bedc-ef22-4f86-8f48-0d0828bd3d1e,257,337941006355605,americanexpress
125ead65-40f8-420f-b045-38b1d03bf486,258,337941173097261,americanexpress
7bb93110-e2d3-45f4-bc46-441e71151af9,259,4041376600977554,visa
bed55cae-9b14-43b5-a637-8524b8aa4543,260,349128397962886,americanexpress
18e1ab9a-7d5f-49aa-8126-d0b211bafb3c,261,374283624202511,americanexpress
6800d958-6f9b-4757-95e4-bfc7031c47dc,262,372301936908211,americanexpress
5eb1629a-b8c7-4d30-98c1-9e2205978853,263,5108753498787187,mastercard
c4aa838c-961c-4c9f-8536-6a2461bfc745,264,5100135120062239,mastercard
0f52c1ae-52d0-4816-8d0a-c2e36b2524ac,265,374622528481517,americanexpress
a11310a0-9a26-4268-a850-c7be6e228d7a,266,337941189567315,americanexpress
a9ed2e5d-d7e4-4e9d-8470-242bacb09331,267,4476793244030042,visa
029e0ff8-4246-48cc-8e7e-b5c06f5b2762,268,5048379831717088,mastercard
df8cc514-143a-4cd5-b4ba-f95a869b7823,269,348010808185029,americanexpress
19220699-bcb0-41c3-b20b-fb4db8ea7136,270,5549961238599518,mastercard
cf148123-3961-4bfe-bd60-d9d42779e367,271,5010120322982524,mastercard
1e24798b-be1a-4df5-8549-0abd186fff2e,272,4017955061583207,visa
c134e851-6787-4f6f-958a-74ddde31b1a0,273,374288291945821,americanexpress
86d4a298-184b-479c-80d7-822dbab24d3a,274,4518930072776896,visa
ed9580c3-95c1-44df-8ac9-84f6bddd385e,275,4871584344943296,visa
d8c6c124-3352-44a2-9a2d-a1b585a8a0b2,276,374283586870727,americanexpress
4cb38d33-b5a9-444e-aaf1-d01719ffa456,277,5281678068027434,mastercard
92deac9e-d06f-474e-b720-96a87e8b5fe5,278,5108756603270064,mastercard
66a72f9d-2b68-4e18-8197-8b98c91486ef,279,4041378143807744,visa
9f87893d-a8cc-4083-98c0-af231b2d4edc,280,372301135887612,americanexpress
81456a51-28ab-4a16-b28f-c421b5c1ec02,281,5108755113470008,mastercard
ba121946-c1f2-4eee-83ca-2668294acb9a,282,4041595685744,visa
caa47fd9-1f44-42bb-b795-da0d2b65b067,283,4017953487922430,visa
5ddd740e-1c54-4c19-8512-fce8e0bb4f5e,284,4211867769707968,visa
114fee31-e0ef-47fb-8958-f8ff85368b3f,285,4041593002652,visa
1f28e467-1071-4340-90dd-8b8b97e8d41c,286,374283000271072,americanexpress
01da72bc-1a25-432a-a30a-3eeb4c7c410c,287,4239048295977387,visa
4fc15177-f0b4-4e49-b9d8-749cbf35543c,288,4017959144216348,visa
dba8e017-d804-4ed6-b3be-034af1d2d32d,289,5108757725672211,mastercard
0af6185e-a8b6-4ff3-ba3a-ddddfaa23feb,290,372301118077892,americanexpress
27b8e36f-c50a-410d-abd3-93c52f8865bf,291,4017951876066157,visa
32ac5f9e-72d3-4f38-8b3a-52ebbc72bf03,292,370790366496204,americanexpress
e8125e86-b52a-490b-8abc-7d6348e30766,293,4646532683816,visa
78128fe8-935d-4427-bdf2-850f609980ba,294,374622248381419,americanexpress
6e5665c8-49bd-4b6f-b83d-2196ef58a116,295,371116814951732,americanexpress
2a093a61-2f56-4935-bdad-c6bff0ed8a5f,296,344162979747535,americanexpress
2ab3f98e-21b9-4457-a333-ee223d4116e6,297,4041590161295244,visa
62c19d37-de36-463b-a419-9311b5efe961,298,4538734473001565,visa
964f8557-25d7-46a7-b191-e8f9850c12c6,299,5100149100165243,mastercard
efa30f59-aa53-4037-9cab-2e363ab2685c,300,4041593067640109,visa
c14fa26c-8ba7-4920-976b-c5ca3a94d52f,301,4041590429023,visa
917bd59c-6194-431a-b8c3-01e47360b876,302,5100133357780292,mastercard
c6fc752e-2e9c-49dc-a478-f0848bdae29c,303,4692696243898137,visa
30007b2b-5b8d-4e4a-8ca2-1f14af1b317b,304,5159604636744739,mastercard
b10efb6f-424c-473a-82dd-8d8af9f409e8,305,372301136270669,americanexpress
faccbf76-6533-4fc5-b375-39429cf013d6,306,5010129420570016,mastercard
3b889a80-b8cd-4b8d-a043-4d53de7ac05e,307,4041597951201,visa
281b2777-b371-487f-bdbe-b37ee499ff0e,308,4041373665694,visa
8eca8e39-70ee-4a94-baeb-0d73abe8e388,309,374622417247375,americanexpress
7760fd88-77ea-4966-9ff8-01e4a602b005,310,376462085223160,americanexpress
a94751c1-2cbc-4ea4-84b9-1f18300bdf4b,311,337941731907910,americanexpress
27cfb4d7-a611-4090-8239-09cdf2c68444,312,4482700976968,visa
c6ad73fd-f8d8-4b44-a481-40b218882c02,313,4041591628488331,visa
a8da96c3-5227-46ed-8c91-1e5905b39ccb,314,379906070761714,americanexpress
51bf4ad4-97f5-478a-9842-4a6d30d3f9c0,315,4174143271939,visa
ab602e90-a449-48cc-a1d9-c493a3ce979e,316,4041592533011960,visa
a6b932c8-c48a-413a-86c2-7c70905e9a24,317,4041374360840,visa
719d7a9d-7b4e-46ba-8dff-d403cea38b56,318,4041375036605,visa
0dcc15f1-139c-4a40-8a7c-1a1cceb510cf,319,5010122494897969,mastercard
7b76e1c4-f624-4e44-be90-06f0234d45e8,320,5007662444191620,mastercard
ad37cbb1-5c83-404e-9c61-03f6bf5b486c,321,4041371361098,visa
375af5a7-1b93-49a7-ab38-01db3924ea05,322,4169267398729487,visa
806c134a-111d-4088-8cb0-a255f6f1918c,323,374288853792934,americanexpress
663e1e40-df5a-434d-a4e6-3ebbec7760f9,324,5048372657265639,mastercard
18ef79be-cad3-402c-a4e1-f3412b49a541,325,4155018653554912,visa
ebfc252e-8010-4f38-8266-8e30fb45dd8e,326,374283237296298,americanexpress
82740eca-d924-4544-8ff0-9a8b68b1d1b7,327,5100021679176937,mastercard
30dccae2-e0c1-4226-a26a-db6abb350693,328,5007665333808576,mastercard
82ebd436-fc55-4b1c-a6ec-750f27e705a2,329,5100177121538098,mastercard
c3d80d29-9e75-45ba-96da-9fdfa93460e5,330,4017955081179,visa
d931be6e-1b9b-48ca-9333-55c4fe9d4b62,331,5151406935799820,mastercard
6fa48536-0829-47d7-85c6-ff8e233bdcbf,332,5002359829330254,mastercard
590f90c0-d2e5-4103-b5e0-f81f0b82117a,333,4041596763696689,visa
fa6ba9ca-ad58-4fd0-9c0e-06234c5d8fad,334,5100170131575036,mastercard
6938a2c7-4bd6-447e-8830-85a01fe1ed8d,335,4017957441850,visa
47ae499a-089d-4722-99bd-72f4eb0b3b17,336,374288700000754,americanexpress
379ccbf5-534c-4326-9f1c-689387dd2066,337,337941290860187,americanexpress
b581086d-ba66-4ea6-a5ab-a2d77e11ee0b,338,379373438025151,americanexpress
dd22ef6d-74ff-4b66-b199-bd8ba94eb6c7,339,5100149034661465,mastercard
4980467f-2b64-4c5b-bee7-ac86121b207f,340,4041373781728617,visa
429fe9a0-fd7a-4d4b-b200-bcbe02762fe8,341,371283836344419,americanexpress
13cf9951-47b2-4431-b3ff-a6ac1c40045b,342,5130619446151762,mastercard
1bf9ea12-1192-4191-af4e-c9f094421ec8,343,348681972302218,americanexpress
fc327d2c-a16d-43a3-b156-df880609d00a,344,337941684423675,americanexpress
ca5e0957-b43a-4416-a3db-61858a124029,345,4017951434778,visa
42cf1754-5b10-47fc-a59f-03f5dea78c50,346,4770192378644483,visa
653e2f7e-ba62-4068-9a5d-3db33f7737d1,347,372301215070667,americanexpress
df18d466-88f9-4678-a367-d3a247fd1489,348,4328488317133,visa
0ba9b410-4093-4173-ba29-c06ea7b26923,349,337941392407572,americanexpress
2ffb4222-73fc-4301-a048-18285e10ac79,350,374622971203822,americanexpress
27724656-afc9-42ff-b100-f8f18aa633cc,351,4041598533768,visa
78e8fc5e-38ca-4922-a7a0-30bbf57b12b7,352,5371937301122795,mastercard
5df073f8-0a3e-4c8b-8d27-e0b5dcc04abb,353,5108757409055998,mastercard
6cf3f9b3-27b1-4a06-afe8-e39e267c6e07,354,5100136698923281,mastercard
2e88c3ed-c871-48ca-abf9-b59649529dff,355,374622179154546,americanexpress
eb5a6c30-fb12-4511-b35e-63bd53aca0e0,356,347971145946319,americanexpress
559ac945-e166-4b18-a0b0-2ec72af69ae9,357,5288121543571075,mastercard
b73fd58b-d454-414f-bf95-229933892034,358,337941204637747,americanexpress
5c57241f-9461-4c83-8a89-f023d388ba07,359,4017956792861409,visa
dccdd60c-7372-4d54-b36d-a9b286800097,360,337941479980434,americanexpress
a82c9913-b4c0-4391-9627-723d55a03f43,361,4017950803958544,visa
95e7d575-6032-4f7c-85fa-f7a118902131,362,4017954393047,visa
42457907-a0b3-41b3-b4fb-f475c527793d,363,4205397990384,visa
ac0dd4ae-8c64-44b0-ad64-8440f06ee64a,364,374283310869904,americanexpress
46cf511e-5a31-4e6f-b2a6-f20b4b764a40,365,4041593203177,visa
92f9a30d-9acd-4837-8afb-26da2af3a672,366,4041595164286,visa
c3eba56a-3be9-45e5-ade8-70424cdb9358,367,5048370512465170,mastercard
8bbe3507-a211-4e36-8d0a-1e2ebaeedd91,368,4041378851364,visa
8e0f042d-3ec0-43d9-8594-3bca7982faa4,369,4041375781515,visa
e6c65e26-6ab7-4ec2-ba29-52b29db828b6,370,349910519669931,americanexpress
33ea122b-5b3a-4c77-8f7e-b5d41d6c8843,371,5108751583092240,mastercard
47e00f01-62fd-448e-b521-e1b5017feb0e,372,4017953620625197,visa
bdc42c56-246c-4f86-97f8-4645d67b5bc4,373,4041596813445343,visa
68de4792-78b8-46f4-814b-2a1b9eb15d00,374,374622888435442,americanexpress
41284397-2560-4cd4-ac34-367bebcd579b,375,5048376135258488,mastercard
ba6acebe-8817-4359-a0d5-caa7b6a355fb,376,4319417565108,visa
d9b5d2e2-8eb3-421f-b83c-da7e94aa0f1b,377,379025365167105,americanexpress
d02dec32-f613-4fcc-9974-f3ab37b438ba,378,5108752816550848,mastercard
4e9b26e9-8c87-459c-9774-9b24abde065e,379,4041595359944,visa
846d4bad-b5cf-4e4e-89c4-9e9245b3391b,380,4041594640155771,visa
8503ec5b-ee68-4595-acf2-e5f205bd0578,381,4041594198194,visa
08bdc3b8-fc20-40cb-8433-ef55d9dc7e7f,382,5100131358363456,mastercard
5f0c3c79-3c33-4bb9-9a23-6e892091255d,383,374283688957430,americanexpress
41596404-d457-4e8c-850d-f8c851c9675f,384,4041599570488,visa
0d97ae09-1254-4f63-bf41-c2764bb5ce16,385,374288238690811,americanexpress
b7dcfb5b-e27f-45f8-995f-1d424fdc746f,386,374283633548128,americanexpress
2e5c3b4b-caac-445f-bdd0-65646324d5a9,387,372069316503460,americanexpress
e000fc05-661e-4ddf-88ea-f1dc28e1f2e5,388,337941516714689,americanexpress
17090735-1113-4fac-bd4e-b066d03769a9,389,374283400491932,americanexpress
4c46d9bb-2e7e-4390-bc90-993502cdafbc,390,5250649578008872,mastercard
a97b2f4c-2429-4a1b-93c5-2efe888f601c,391,4041371863575518,visa
2b8ba437-443d-47da-b9cc-5e8661b5d778,392,4971174859346,visa
854e613a-76e5-4314-8579-ca65c6b060fc,393,4041376324586582,visa
61cc4155-8989-4765-8c3e-38668cd17b0a,394,5413858129690252,mastercard
04f76e3a-716b-4bb2-861a-ea31fa479cd7,395,374288637333419,americanexpress
d837383e-391c-4d77-831d-dff79038b139,396,4041590526513,visa
02e6bf21-c545-400d-ac04-101b55d3ebc4,397,4017959140773,visa
575645fb-1aa6-4497-b4b7-4ec2e2ce06a6,398,372301378425419,americanexpress
56ff06c6-ca37-409d-9d36-b7864b1eb440,399,374283237082102,americanexpress
99063a55-0295-43ac-a264-7f95a1e10ae4,400,374622032154469,americanexpress
f93ac107-15d2-4fe4-b908-af8545cb766a,401,345584973083527,americanexpress
13a9ca0e-0cf2-4de4-8cb0-a8814cda107d,402,4041378156947,visa
2d03d1c6-3bd4-43fc-b9ee-e5dbd25d2278,403,5100138367502156,mastercard
53bea8dc-8548-47fe-b22d-7cba8e06cbe2,404,378349723736794,americanexpress
351671a6-9d27-4131-ad20-8b5d2f19f9cd,405,5108759982202922,mastercard
a2ec5e97-a950-475d-bfc0-1e05fbbbeec3,406,5007667284775101,mastercard
35d0663c-609d-416c-a826-8ea11ec57e1e,407,4017952925048,visa
940c0d89-07fa-445e-a35a-23c23e26467c,408,4017950914133458,visa
5c56c2e4-c1fd-466b-a382-3a065dce803b,409,4210254260403986,visa
f94d02b3-96bf-4c02-ab8b-778c56a6356f,410,374519014021015,americanexpress
485e9662-a56b-4588-a0a4-2c961fa26401,411,4041598578629335,visa
0eb18b96-5aa3-4140-a432-9db5019c1f93,412,4041594250066243,visa
a4835a9e-88b5-4db3-a8b7-9c22ea222e98,413,5433825295864421,mastercard
3e06db10-8427-4ed3-9e9c-dcda040c4883,414,4041597295856,visa
5d453e79-0a54-4abd-b3ba-4e9ea2dc42e8,415,4478429791608488,visa
22086b62-27f7-428b-bf1e-b8a904f66cb3,416,4041378407514,visa
f5fdd854-31cb-4d85-82b5-3210bfbd92f3,417,374283009246828,americanexpress
38f9a2e0-465f-41fb-9ce0-627a20241487,418,4041376528691,visa
9c3b5f0f-26ab-4fc1-8d40-3df3e3c5b049,419,5108755986577889,mastercard
c0107370-0f24-4994-9d74-e9b630e8ae56,420,5100176522811674,mastercard
6add96c7-3008-464e-a758-88d3b66aa1d6,421,4041373967207,visa
3f88280d-4b39-46f9-8158-948edc4f8446,422,4041374685454961,visa
15c2d765-d5bb-43c9-a937-19294a29df44,423,5002351998525624,mastercard
95c8db89-9cbe-4e87-a069-d268a900e330,424,5597631331100743,mastercard
4963163e-e206-47f3-8572-423da238de7a,425,5586379947236252,mastercard
9c39afaa-85f5-49b0-aaf3-0b4007b18ac1,426,4017953959038,visa
8e070d11-812d-4bfe-acd6-51ec2b18149b,427,374622593928004,americanexpress
a3809504-e166-4ddc-aba5-6b0f367541af,428,4017955360268,visa
129cd9fd-2eeb-478c-adf6-ab6675919a8d,429,4041378581449520,visa
a17de2a7-5cf4-4c63-97dc-5928f5f205bd,430,5196313579291808,mastercard
dec38f09-ccc3-4278-9fe0-3972e319cb0d,431,5100149368331859,mastercard
3c2f4489-bbe6-40bb-9f9b-4e7f0f4cafeb,432,4041377292982,visa
2ddd8dca-9103-4035-a99b-52b931a0e59f,433,4017959294873377,visa
6d31ccf6-54a0-4a75-830a-54656b6960d7,434,4041372570667580,visa
9ab30e1e-a62b-4c9f-8094-4d79d8ea793a,435,5007662790323207,mastercard
03e1c12a-b1de-41cc-8f46-613b79307da5,436,5359253320981484,mastercard
13152ef4-7797-4c0b-ab68-a1032b555e95,437,5349608195684831,mastercard
6f05cfba-0a59-4cba-8a5a-12387e1809c3,438,4041374520716,visa
d2334f94-cf04-4e2c-87aa-2f66040edc70,439,5100132562314558,mastercard
fd928a57-5e52-406b-b482-e71f5affd18f,440,337941344636641,americanexpress
8a7abaf3-8906-467a-a9ba-352b8fff4af7,441,337941151766291,americanexpress
9ddb6d6d-294d-4c5d-8f43-9283b5326ea6,442,374622297879446,americanexpress
a2054ab8-1b3a-42c8-b51e-558f25c3c228,443,4041373832336,visa
698f137e-08a5-4e0e-846a-3b5091fd9a9b,444,5341388911055750,mastercard
c82dcb64-7c75-4308-8f07-9f8fa3226ced,445,374622842123043,americanexpress
a6d6e2da-6207-4ab8-8e60-3744b2b85e8e,446,4342515326181308,visa
ced9c682-80dc-4796-9e14-931af2644785,447,374283479429524,americanexpress
5b0d6dbb-df9b-44a4-9654-f167f083cd42,448,374283562793729,americanexpress
8a62dd56-de7b-4264-930d-9e64ab250d68,449,374823271157003,americanexpress
bf862fd5-276e-4e5b-b338-9d2310f35a80,450,5100170352503469,mastercard
53f272c1-39cb-4011-937e-c4560b09be60,451,5108759340934638,mastercard
0a2e452c-ffcf-4b10-a14a-8beee05fa759,452,4041591717731,visa
d3bd19c5-13d1-4770-80bd-d2f5df938f8e,453,372301395918776,americanexpress
8792494f-e275-4261-a7f8-6ee878ad6b4b,454,4041598484830,visa
b833b1ee-fa06-4782-8661-16f22ee0c836,455,337941697613064,americanexpress
0601fcf8-c512-4578-a92c-66bb301a8bd2,456,4041592297925645,visa
c345b872-71f8-4699-937f-0c10c0d5f98a,457,4041599920634,visa
a8885605-244f-43c0-a39d-eab2d456e92a,458,5100139284857434,mastercard
cb27f7b1-0fd4-4be8-858f-822961bea0d8,459,4017951716083,visa
901e4d01-bc11-44dc-8ae0-af8102cff77c,460,4041593876782,visa
fd9da6de-02bf-4f4c-92b3-9e16e9299f20,461,4041373394841468,visa
a78d1cde-283d-4904-8586-ff85965588a7,462,5108754049380225,mastercard
a6194fdf-de31-4a37-aea7-abfbcef27ee7,463,5474938128383715,mastercard
2ab0a454-1021-4d72-b2ad-064d93be2c0b,464,5007667154513335,mastercard
ff8f5aa6-7c8a-4e0a-9762-2ea58ea44773,465,5007667932907106,mastercard
63da67ae-dce0-4864-a583-6960a92d472b,466,374288709472004,americanexpress
1fbe4b79-c452-46ea-a8aa-21b1f006b4a8,467,4417216801296782,visa
ea7b1470-4c9a-4c4a-80ad-babbc28aad62,468,374622327905484,americanexpress
8eb2d459-86b7-4cfc-aeba-2cd097b62f54,469,4017955145869408,visa
b9bc7bb4-2222-4d29-b161-49e47bfee275,470,5416064234024068,mastercard
d4ea12da-0e5b-403c-94fd-d19821108092,471,5204064966210014,mastercard
258eddf8-e28e-41f9-83a4-32a9e4ecd815,472,5108751316205697,mastercard
f9c26473-6bdb-41cb-8724-98c4ae1485fd,473,5529677551942408,mastercard
eb88750c-190b-4a85-afc1-b40d59c1fa90,474,374622970991252,americanexpress
3011fad4-a2f7-4497-88ea-d97daa7e8f8a,475,4041377499256,visa
8272ac1d-4b6e-46fa-a36b-a639abca91cb,476,5007667859714444,mastercard
9fb1ea01-950a-46c8-908b-37770e9bf582,477,4041370711715,visa
1251342d-7119-4948-94f4-725b7be59fc5,478,4041595033050701,visa
4546923e-604c-4fe4-8582-ec3f1cd7e0db,479,4017956479191856,visa
39d3036e-c8dc-42fe-8159-3441e1537072,480,374283265955799,americanexpress
fe837fea-0321-462b-89c5-bbfc989b1460,481,374288816293079,americanexpress
c0a42bab-8c55-4054-9ad9-e1fc3816c565,482,5010122614177078,mastercard
2ec10c9a-b501-40dd-91d0-b9a513c72752,483,5108757194718206,mastercard
7f067fc7-6885-49bf-871b-f6782858d633,484,374622032829573,americanexpress
ef01a000-366a-4485-9085-9244d18f4ff1,485,372301038845444,americanexpress
e07579d1-ada3-411c-aad0-6a45dcbf004b,486,337941916911042,americanexpress
e71ff845-250b-4952-9779-3428bcf799ce,487,4041373293265,visa
3d2619fe-37da-40e5-9fbe-465572f0243e,488,372301817779632,americanexpress
1df4a9f1-6aee-495c-9687-c7086b5eb7cc,489,5317075145993779,mastercard
f35ab8c6-6b1c-48b6-97fe-e8028b690bff,490,5454573533591646,mastercard
3572f125-4fb5-4d88-88fc-98702aa49db5,491,5593412881076532,mastercard
b5cf4862-705b-401b-b34e-31a1186277b4,492,374288503436767,americanexpress
7b07c2a1-9374-4b63-acfe-90131630eafa,493,4041595493818100,visa
2f147186-10be-4df9-8967-40b7fa7b2f17,494,5010120092046443,mastercard
33d5faee-b792-46c7-9ab0-58629dfdd934,495,374283779220458,americanexpress
b390491b-550e-4d4b-b409-9a944a3c3e83,496,4041376321239243,visa
3eccf07d-4437-438a-8170-625c0fe157bc,497,4041599781960,visa
b510f187-0f72-4496-a6d7-ea0cedd39652,498,4438196014938,visa
0076972f-0be8-4435-975a-a7f68b7e5c0c,499,5100143526358458,mastercard
4eee24ad-ed42-43f9-a83a-5ee325b776cc,500,5515373918381300,mastercard
